p_val,avg_log2FC,pct.1,pct.2,p_val_adj,cluster,gene
0,5.19417881228885,0.989,0.377,0,0,Dcn
0,5.17517112842722,0.986,0.214,0,0,Col3a1
0,5.15963923425683,0.991,0.221,0,0,Col1a2
0,4.97533234651046,0.827,0.133,0,0,Mmp3
0,4.87699924597613,0.954,0.137,0,0,Tnfaip6
0,4.81550179831912,0.988,0.174,0,0,Col1a1
0,4.68635431710584,0.938,0.207,0,0,Postn
0,4.31579033026218,0.981,0.093,0,0,Lum
0,4.20892518843191,0.803,0.109,0,0,Mgp
0,4.20600369034168,0.95,0.061,0,0,Apod
0,4.20423539507549,0.995,0.566,0,0,Gsn
0,4.01895027239607,0.98,0.078,0,0,Serpinf1
0,3.94882509798633,0.956,0.062,0,0,Ccdc80
0,3.85752120819936,0.994,0.243,0,0,Sparc
0,3.78504205468667,0.964,0.198,0,0,Lpl
0,3.7313412493924,0.97,0.09,0,0,Bgn
0,3.58775942848927,0.979,0.06,0,0,Rarres2
0,3.53040333605806,0.966,0.059,0,0,Mfap5
0,3.49716959499152,0.971,0.085,0,0,Col5a2
0,3.44798876110451,0.969,0.085,0,0,Col6a1
0,3.40820266454766,0.976,0.095,0,0,Mmp2
0,3.37499375570865,0.97,0.062,0,0,Igfbp6
0,3.31758745576338,0.982,0.195,0,0,Col4a1
0,3.24906033529068,0.804,0.187,0,0,Fgl2
0,3.24830855230883,0.932,0.1,0,0,Sparcl1
0,3.19546975881856,0.952,0.052,0,0,Lama2
0,3.15078987443262,0.975,0.146,0,0,Rnase4
0,3.12947678742006,0.935,0.056,0,0,Col6a2
0,3.11882683875263,0.959,0.114,0,0,Itm2a
0,3.08048827611834,0.653,0.133,0,0,Il6
0,3.07226256420411,0.972,0.062,0,0,Serping1
0,3.06527680239676,0.664,0.031,0,0,Mfap4
0,3.05438788838725,0.926,0.042,0,0,Dpep1
0,3.03560079430281,0.969,0.105,0,0,Nid1
0,2.91196952944328,0.944,0.116,0,0,Aebp1
0,2.87026694559808,0.859,0.036,0,0,Lox
0,2.83985735162112,0.918,0.045,0,0,Pdgfra
0,2.80991485001156,0.932,0.157,0,0,Plpp3
0,2.79296668030438,0.979,0.185,0,0,Igfbp7
0,2.76802001440955,0.773,0.066,0,0,Gas1
0,2.7672217288539,0.966,0.168,0,0,Lrp1
0,2.76012376620665,0.814,0.069,0,0,Has1
0,2.75912957497233,0.864,0.205,0,0,Ugdh
0,2.75002684666812,0.938,0.112,0,0,Col4a2
0,2.73922653443762,0.868,0.051,0,0,Adamts5
0,2.7382135880507,0.778,0.055,0,0,Dpt
0,2.73564955300111,0.713,0.062,0,0,Clec3b
0,2.73032473015695,0.807,0.049,0,0,Thbs2
0,2.68711007382094,0.952,0.067,0,0,C1s1
0,2.6646930761804,0.876,0.036,0,0,Col15a1
0,5.22576259088711,0.996,0.359,0,1,Wfdc18
0,4.62530524891529,0.911,0.358,0,1,Csn3
0,4.18148885008783,0.999,0.353,0,1,Plet1
0,3.3707793259963,0.996,0.609,0,1,Dbi
0,3.28360657078329,0.991,0.327,0,1,Trf
0,3.12711970916468,0.996,0.161,0,1,Lcn2
0,2.87480525599168,0.993,0.218,0,1,Fxyd3
0,2.83305727117159,1,0.532,0,1,Epcam
0,2.81720706960512,1,0.533,0,1,Krt8
0,2.74519645597688,0.999,0.39,0,1,Krt19
0,2.63545640272674,0.971,0.093,0,1,Muc15
0,2.61448618174028,0.884,0.056,0,1,Slc28a3
0,2.58936526118171,0.994,0.405,0,1,Mfge8
0,2.52869849586444,0.725,0.041,0,1,Fcgbp
0,2.46194789795341,0.996,0.239,0,1,Cldn7
0,2.45118915875179,0.987,0.193,0,1,Cldn3
0,2.34256914530299,0.864,0.046,0,1,Dmkn
0,2.33804528043226,0.985,0.488,0,1,Phlda1
0,2.31480059841416,0.927,0.048,0,1,Muc4
0,2.29841667816725,0.993,0.263,0,1,Clu
0,2.21655666229286,0.982,0.276,0,1,Sfn
0,2.13897660634205,0.922,0.03,0,1,Plb1
0,2.027121529181,0.991,0.464,0,1,Mgst1
0,2.00689929252476,0.971,0.364,0,1,Rbp1
0,2.00175758276238,0.504,0.025,0,1,Ltf
0,1.98141841509814,0.867,0.097,0,1,Lgals7
0,1.88181102985045,0.987,0.26,0,1,Cd14
0,1.87529054795162,0.905,0.027,0,1,Elf5
0,1.87176844804839,0.514,0.04,0,1,Sncg
0,1.79398317403843,0.754,0.046,0,1,Folr1
0,1.77480900194724,0.982,0.333,0,1,Crip2
0,1.72996760460796,0.919,0.082,0,1,Ceacam1
0,1.69738076683708,0.974,0.339,0,1,Csrp1
0,1.69063331215119,0.876,0.093,0,1,Lypd3
5.57084617823639e-306,1.85894544765633,0.877,0.229,1.11656469950392e-301,1,Igfbp5
1.32464514130969e-293,1.74489204598461,0.988,0.441,2.65498625672702e-289,1,Efhd2
1.77259659193381e-292,2.32872175576219,0.999,0.556,3.55281534921294e-288,1,Krt18
5.3124456445134e-291,1.64180939306554,0.53,0.059,1.06477348052982e-286,1,Lrg1
5.74155825946786e-288,1.87805383040021,0.988,0.67,1.15078052194514e-283,1,Cstb
1.19972988067316e-283,2.27232203967154,0.466,0.043,2.40461859983322e-279,1,Klk10
5.35383251426382e-276,2.6895336565499,0.652,0.117,1.0730686508339e-271,1,Csf3
4.20905754461363e-228,4.49602892233347,0.924,0.629,8.4362140366691e-224,1,Csn1s1
3.44249955879276e-226,1.75939534780593,0.997,0.753,6.89980186568833e-222,1,Lmna
1.28773362512896e-211,2.04916901873893,0.895,0.411,2.58100450484598e-207,1,Plin2
3.71993884903497e-199,1.77818641058703,0.946,0.484,7.45587343512079e-195,1,Ier3
8.4557744598952e-179,4.80398511125861,0.974,0.861,1.6947908749968e-174,1,Csn2
3.76683027059294e-175,2.9248711614758,0.492,0.101,7.54985791134943e-171,1,Lalba
4.48030890833897e-165,5.31021508405239,0.835,0.501,8.9798831449838e-161,1,Csn1s2a
2.49276918815967e-158,1.6664435733973,0.811,0.336,4.99625728382842e-154,1,Scd1
3.01562971216727e-95,3.6151028619454,0.553,0.228,6.04422663209685e-91,1,Spp1
0,2.52666958189923,0.868,0.042,0,2,Lef1
0,2.41885053991098,0.951,0.132,0,2,Ms4a4b
0,2.23736981405273,0.981,0.306,0,2,Satb1
0,2.2185581381618,0.89,0.146,0,2,Txk
0,2.15994368589122,0.953,0.196,0,2,Trbc2
0,2.11454029695221,0.943,0.127,0,2,Cd3d
0,2.08536042457681,0.873,0.104,0,2,Ms4a6b
0,2.02502388906626,0.873,0.21,0,2,Gimap6
0,1.95659574891638,0.868,0.099,0,2,Trac
0,1.91917196381144,0.892,0.176,0,2,Ccr7
0,1.81377268029511,0.79,0.112,0,2,Gm8369
0,1.81006633855892,0.438,0.021,0,2,Cd8b1
0,1.80462782738026,0.827,0.156,0,2,S1pr1
0,1.79015644404128,0.881,0.152,0,2,Itk
0,1.56420514594048,0.797,0.146,0,2,Cd2
0,1.5543077292548,0.719,0.112,0,2,Tcf7
0,1.39278042361201,1,0.991,0,2,Rpl12
0,1.36234340587086,0.904,0.136,0,2,Cd3g
0,1.34581425858237,0.885,0.159,0,2,Cd3e
0,1.33517906858633,0.388,0.017,0,2,Dapl1
0,1.24344702797904,1,0.999,0,2,Rps24
5.24833130749622e-299,2.00094276743899,0.892,0.295,1.05192304396147e-294,2,Gramd3
1.90886446435852e-293,1.35594791231015,0.706,0.116,3.82593704591378e-289,2,Lat
8.03542307166189e-291,1.26315432833835,1,0.996,1.61053984625319e-286,2,Rps27
3.96785255881731e-274,1.27275434355294,0.653,0.098,7.95276688363753e-270,2,Cd28
1.87015737582832e-268,1.81556778216587,0.983,0.42,3.74835642837271e-264,2,Stk17b
7.02258835987851e-263,1.29912896480799,0.609,0.096,1.40753738497045e-258,2,Grap2
6.86728725843491e-261,2.00321424651802,0.984,0.543,1.37641038520811e-256,2,Vps37b
6.21210061291656e-253,1.89033616489174,0.94,0.39,1.24509132584687e-248,2,Klf2
1.91358677110616e-245,1.33352626150295,0.622,0.105,3.83540196532807e-241,2,Gimap4
3.87858670416605e-245,1.53217688658201,0.931,0.325,7.77385133116001e-241,2,Emb
3.9585877735648e-239,1.27699400468529,0.684,0.133,7.93419747455592e-235,2,Il21r
1.20398291252713e-236,1.32358727642425,0.636,0.116,2.41314295157812e-232,2,Gimap3
9.23809947397652e-229,1.29032170194431,0.799,0.207,1.85159227756911e-224,2,Fyb
1.0283460721797e-227,1.53418615400768,0.851,0.331,2.06111403246978e-223,2,Limd2
2.03187855550518e-219,1.55819267313191,0.703,0.191,4.07249418879902e-215,2,Dusp10
3.4914243451337e-215,1.54937357038243,0.904,0.418,6.99786181495148e-211,2,Ssh2
2.62351005030712e-210,1.32067836153705,0.936,0.323,5.25830119383057e-206,2,Coro1a
3.97365121986749e-202,1.31922326515806,0.986,0.384,7.9643891399804e-198,2,Ptprc
1.40625451894424e-198,1.24768056660941,0.549,0.11,2.81855593231995e-194,2,Gimap9
5.81911050333333e-184,1.83912329036226,0.589,0.134,1.1663243181831e-179,2,Trbc1
1.20155713624946e-183,1.41492815707781,0.856,0.401,2.4082809681848e-179,2,Ablim1
6.40789135904543e-172,1.2405167180019,0.846,0.299,1.28433366509348e-167,2,Cd53
1.83705635992878e-164,1.43699502709042,0.688,0.247,3.68201206220525e-160,2,Rgs10
2.74857274304917e-155,1.61551686513705,0.551,0.164,5.50896434889344e-151,2,Fam241a
1.49756844825731e-154,1.32026430347292,0.889,0.555,3.00157644084214e-150,2,Zc3hav1
7.70367815141981e-152,1.41584397062524,0.83,0.471,1.54404821188907e-147,2,Rapgef6
8.84933684171201e-150,1.3497524994885,0.785,0.407,1.77367258318434e-145,2,Arid5a
2.68217452259217e-142,1.50845725249233,0.562,0.185,5.3758823956315e-138,2,Trib2
8.99503642460389e-08,1.32555679947899,0.259,0.197,0.00180287515058336,2,Hspa1a
0,4.73022691869916,0.978,0.537,0,3,Ptn
0,4.03213621224756,1,0.262,0,3,Prlr
0,3.50267864694002,0.977,0.18,0,3,Cited1
0,3.48588833587554,0.937,0.289,0,3,Areg
0,3.22860844859535,0.997,0.405,0,3,Slc12a2
0,3.22099610482561,0.977,0.248,0,3,Phyh
0,3.01059400865105,0.913,0.138,0,3,Calca
0,2.73265534870863,0.968,0.109,0,3,Wfdc2
0,2.71725817481118,0.816,0.033,0,3,Snhg11
0,2.67157857557195,0.972,0.218,0,3,Gpx3
0,2.66270004746024,0.948,0.109,0,3,Aqp5
0,2.32485210485299,0.728,0.063,0,3,Tph1
0,2.31618465009731,0.998,0.688,0,3,Cd164
0,2.21447510754128,0.927,0.033,0,3,Tspan1
0,2.14981358580259,0.613,0.034,0,3,Upk3a
0,2.12448494713591,0.975,0.135,0,3,Krt7
0,2.07360578980549,0.967,0.036,0,3,Gipc2
0,2.00170979341165,0.938,0.091,0,3,Tmem56
0,1.90255742588826,0.91,0.158,0,3,Tmem158
0,1.86482793714125,0.92,0.114,0,3,Wnt4
0,1.8601699063479,0.895,0.031,0,3,Cxcl15
0,1.81031127136028,0.888,0.048,0,3,Col8a1
0,1.76648010665635,0.917,0.063,0,3,Cldn10
0,1.74120088590103,0.91,0.096,0,3,Slc7a2
0,1.73430523264958,0.915,0.065,0,3,Dnajc12
0,1.70745401080505,0.968,0.161,0,3,Alcam
0,1.69654080618631,0.735,0.031,0,3,R3hdml
0,1.66631981423262,0.664,0.03,0,3,Hp
0,1.64569036762775,0.83,0.174,0,3,Hmgcs2
0,1.62680680884334,0.845,0.045,0,3,Samd5
0,1.60797388049437,0.935,0.167,0,3,Cd200
0,1.56151267239394,0.903,0.206,0,3,Gclc
0,1.53326147837544,0.83,0.054,0,3,Capsl
0,1.52987039146456,0.973,0.28,0,3,Qsox1
0,1.50159715490204,0.883,0.121,0,3,Stc2
4.22462039882858e-301,1.63744456888942,0.977,0.334,8.46740666537213e-297,3,Spint2
2.04676318480051e-297,2.39627020928204,0.771,0.152,4.10232745129567e-293,3,Clca3a2
7.56026433990567e-290,1.64769266759415,0.988,0.458,1.51530378164729e-285,3,Ktn1
6.78236469242779e-288,2.53446941619091,0.997,0.563,1.3593893553033e-283,3,Krt18
2.90662046195684e-272,1.52466097634407,0.851,0.189,5.82573939190009e-268,3,Cldn4
2.32268435533909e-268,2.07939439126121,0.987,0.401,4.65535625340613e-264,3,Krt19
2.02529246214915e-267,1.55581163863359,0.975,0.638,4.05929368188554e-263,3,Ndufa7
1.60914807488533e-265,1.72889919828571,0.982,0.362,3.22521548649266e-261,3,Trps1
9.49553351756676e-257,1.55894321484929,0.947,0.343,1.90318978292591e-252,3,Tsc22d1
7.47042732288966e-249,1.67386545270134,0.993,0.707,1.49729774832677e-244,3,Cd9
2.69069168257e-247,1.96259727683628,0.998,0.541,5.39295333937506e-243,3,Krt8
1.93566716512556e-246,2.06698203100732,0.998,0.54,3.87965769906116e-242,3,Epcam
1.00073141912253e-206,1.52347313363967,0.987,0.609,2.00576598334729e-202,3,Vmp1
1.69506416941827e-206,1.5494052555143,0.826,0.257,3.39741711476505e-202,3,Sox9
2.0026289400786e-132,2.92054765081937,0.431,0.094,4.01386918459955e-128,3,Fxyd2
0,5.90256657424244,0.995,0.072,0,4,Igkc
0,4.56428010847138,0.998,0.017,0,4,Cd79a
0,3.67669316593424,0.983,0.152,0,4,Mef2c
0,3.54014134026114,0.943,0.139,0,4,Ighm
0,3.03494175986631,0.714,0.01,0,4,Iglc2
0,2.96953833371081,0.884,0.021,0,4,Ighd
0,2.73199481786444,0.991,0.213,0,4,H2-Aa
0,2.69895909082386,0.991,0.199,0,4,H2-Ab1
0,2.64627219889772,0.991,0.161,0,4,H2-Eb1
0,2.50736431953308,0.787,0.008,0,4,Ms4a1
0,2.44112684199085,0.773,0.08,0,4,Stap1
0,2.39772229086012,0.806,0.056,0,4,H2-DMb2
0,2.33909181782869,0.712,0.01,0,4,Fcmr
0,2.00367408272969,0.605,0.01,0,4,Mzb1
0,1.97844109225704,0.648,0.006,0,4,Pax5
0,1.97313969017277,0.504,0.014,0,4,Cd79b
0,1.93350861436556,0.667,0.011,0,4,Bank1
0,1.90466073614272,0.73,0.094,0,4,Napsa
0,1.85465555902943,0.596,0.013,0,4,Tnfrsf13c
0,1.84718643932709,0.541,0.012,0,4,Fcrla
0,1.62378700688836,0.565,0.021,0,4,H2-Ob
0,1.57699159247563,0.52,0.034,0,4,Cd72
0,1.55122371190425,0.499,0.015,0,4,Cxcr5
0,1.51946753242921,0.411,0.003,0,4,Fcer2a
0,1.45455134563805,0.414,0.012,0,4,Iglc3
2.08443715362743e-276,3.09238281348694,0.993,0.307,4.17783738701545e-272,4,Cd74
1.43061377208256e-275,1.99937371253849,0.792,0.129,2.86737918338508e-271,4,Cd83
2.6106411254693e-275,2.53458013773181,0.983,0.313,5.23250800777811e-271,4,Ebf1
2.18543045958729e-258,1.71915326516432,0.761,0.127,4.3802582701508e-254,4,H2-DMa
2.60661595788899e-251,2.05409865736765,0.851,0.213,5.2244403643969e-247,4,Cd37
9.85079896233606e-234,1.44570239062627,0.475,0.046,1.97439563602102e-229,4,H2-Oa
3.24923503478199e-203,1.53475985894072,1,0.984,6.51244178021354e-199,4,H3f3a
3.92252473931266e-203,2.49383759247055,0.962,0.506,7.86191633500436e-199,4,Rel
3.96313516030829e-199,1.43911714561368,0.572,0.087,7.94331180180591e-195,4,Syk
8.25432984310195e-194,2.6553574520351,0.827,0.322,1.65441533045292e-189,4,Dmxl1
2.31014226975865e-182,1.40178065094311,0.851,0.209,4.63021815127726e-178,4,Ccr7
2.66894733474348e-180,1.81539776542946,0.882,0.354,5.34937114302635e-176,4,Scd1
5.41997065147913e-178,1.83620720404167,0.929,0.338,1.08632471767596e-173,4,Satb1
2.83931400551247e-172,1.58535422042102,0.686,0.162,5.69083706124865e-168,4,Ppp1r16b
6.42066790704165e-165,1.44127776372867,0.553,0.108,1.28689446860836e-160,4,Pik3ap1
7.32658689457773e-155,1.58645030844387,0.577,0.133,1.46846781128021e-150,4,Ralgps2
7.06437076597327e-149,1.73631905602391,0.903,0.612,1.41591183262402e-144,4,Serp1
1.7954796193056e-137,1.55698889155375,0.792,0.354,3.59867980097421e-133,4,Map3k1
2.4764733486513e-130,1.40013513247221,0.946,0.446,4.9635955327018e-126,4,Stk17b
2.7716118784312e-122,1.34443222028369,0.95,0.398,5.55514168793965e-118,4,Cd52
1.77211202132029e-119,1.44715426442351,0.586,0.18,3.55184412433226e-115,4,Gm49980
6.95800820519776e-117,1.40322437469135,0.582,0.161,1.39459358456779e-112,4,Rhoh
4.56192390997692e-98,1.35287379193673,0.586,0.18,9.14346409276674e-94,4,St8sia4
7.09420232764031e-90,1.36308112283156,0.846,0.718,1.42189097252895e-85,4,Gdi2
2.1497712517491e-75,1.41526257179731,0.4,0.106,4.30878651988072e-71,4,Nfkbid
0,5.39163559722533,0.799,0.113,0,5,Ccl4
0,5.39045709327187,0.958,0.068,0,5,Lyz2
0,4.78652980105627,0.632,0.026,0,5,Il1b
0,3.72260990766106,0.418,0.014,0,5,Pf4
0,3.25721406275523,0.973,0.152,0,5,Plek
0,3.25295997547079,0.507,0.023,0,5,Ccl3
0,3.18002105449281,0.774,0.019,0,5,Ccl6
0,3.12416225985849,0.774,0.031,0,5,Ccl9
0,3.00151012115687,0.637,0.015,0,5,Mrc1
0,2.95519319742384,0.836,0.054,0,5,Cybb
0,2.8059745432814,0.58,0.029,0,5,Oasl1
0,2.78101094033414,0.701,0.059,0,5,Tnip3
0,2.69284058912099,0.669,0.022,0,5,Wfdc17
0,2.68492550319737,0.836,0.032,0,5,Lilrb4a
0,2.65594816622221,0.398,0.013,0,5,C1qb
0,2.6342441725926,0.826,0.037,0,5,Lilr4b
0,2.62843038651082,0.955,0.107,0,5,Fcer1g
0,2.55844909727533,0.545,0.006,0,5,Mgl2
0,2.54980100045481,0.547,0.008,0,5,F13a1
0,2.49586441027166,0.965,0.13,0,5,Tyrobp
0,2.48136882586196,0.91,0.162,0,5,Ctss
0,2.42918979297785,0.853,0.025,0,5,Alox5ap
0,2.36070647033233,0.799,0.074,0,5,Ptafr
0,2.3397742833533,0.428,0.005,0,5,Clec4e
6.56553865359178e-298,3.3224081962416,0.878,0.173,1.3159309123394e-293,5,H2-Eb1
4.22225625634392e-295,3.7499131815503,0.91,0.208,8.46266821459012e-291,5,H2-Ab1
2.17129150001437e-292,3.19345350888439,0.423,0.02,4.3519195534788e-288,5,C1qa
1.71000150123911e-289,2.56985436922649,0.396,0.016,3.42735600893354e-285,5,C1qc
1.68540629137018e-283,3.70489677839674,0.91,0.222,3.37805982979326e-279,5,H2-Aa
5.94919416162231e-278,3.02523577679998,0.893,0.209,1.19239698581396e-273,5,Slfn2
4.48642289579636e-255,3.55016825459923,0.965,0.312,8.99213741004464e-251,5,Cd74
1.95672576345793e-247,5.40791766105298,0.749,0.147,3.92186544769874e-243,5,Cxcl2
4.13253123746176e-245,2.86453381573784,0.46,0.037,8.2828323592446e-241,5,Ifit1
5.04675652908455e-231,3.12745572201963,0.938,0.303,1.01152141112442e-226,5,Cd14
6.05229390353009e-230,2.46274464136826,0.495,0.051,1.21306126708454e-225,5,Il1rn
3.62530509684734e-227,3.26682581535078,0.445,0.038,7.26619900561112e-223,5,Rsad2
6.69624564780845e-221,2.31880408720574,0.903,0.261,1.34212851519025e-216,5,Kctd12
5.68822688073926e-196,2.67100381811124,0.458,0.05,1.14009131370657e-191,5,Cxcl10
4.02098036693684e-187,2.37485586595283,0.279,0.013,8.0592509494515e-183,5,Cxcl3
6.03370485017639e-186,2.24227860733906,0.831,0.291,1.20933546312085e-181,5,Etv3
1.82281810841035e-181,2.38571502954201,0.699,0.177,3.65347433468687e-177,5,Lgmn
6.2475099491686e-176,2.36330362335673,0.684,0.164,1.25218841911186e-171,5,Ccrl2
4.85439094538859e-175,2.71315846802766,0.868,0.372,9.72965577184235e-171,5,Marcksl1
6.93274454022462e-173,2.96426760963563,0.99,0.736,1.38952998819722e-168,5,Cst3
1.44621531319641e-170,2.4832345135068,0.632,0.137,2.89864935223956e-166,5,Isg15
7.48206367317292e-143,5.13513225367059,0.403,0.058,1.49963002201405e-138,5,Retnla
7.7420265014636e-119,3.6632913167148,0.507,0.118,1.55173437168835e-114,5,Ccl7
8.30010381887227e-101,2.59398728498967,0.622,0.198,1.66358980841657e-96,5,Ccl2
2.00638282832729e-68,2.49181339076034,0.535,0.213,4.02139310281638e-64,5,Hmox1
1.37867830085689e-51,2.61117725338422,0.709,0.49,2.76328491840747e-47,5,Apoe
0,4.02439538212378,0.639,0.037,0,6,Xcl1
0,3.58963561734457,0.808,0.058,0,6,Cd7
0,2.89837632226409,0.887,0.119,0,6,Il2rb
0,2.65178329846693,0.711,0.065,0,6,Ctsw
0,2.56528555547787,0.749,0.058,0,6,Cxcr6
0,1.86418863827717,0.583,0.029,0,6,Itgae
0,1.85639683780549,0.501,0.025,0,6,Klrk1
6.00315964155582e-275,2.62097469846576,0.67,0.084,1.20321328695703e-270,6,Nkg7
1.29059449152221e-254,3.24494505589092,0.818,0.161,2.58673853935796e-250,6,Rgs1
7.06235629204991e-251,1.74270441645651,0.471,0.036,1.41550807161556e-246,6,Tnfrsf9
9.51350834404072e-248,3.76912486734197,0.437,0.031,1.90679247739608e-243,6,Gzmb
1.11786548160376e-225,1.92021679267925,0.547,0.064,2.24053778477842e-221,6,Serpinb6b
2.17786338421799e-222,1.82333909912197,0.824,0.184,4.36509158098812e-218,6,Ptpn22
6.95579595106709e-221,2.00921001872654,0.89,0.23,1.39415018247238e-216,6,Hcst
1.37109779897678e-214,1.62733011935208,0.683,0.114,2.74809131848916e-210,6,Sh2d2a
1.93129952761261e-202,1.61633920679746,0.588,0.085,3.87090364319395e-198,6,Ikzf3
8.84143103568971e-202,1.99774575318009,0.714,0.158,1.77208802248329e-197,6,Dgat1
5.60169153596076e-197,2.35223939305481,0.839,0.241,1.12274703455261e-192,6,Neurl3
2.96309109001825e-185,1.57512212555293,0.821,0.187,5.93892347172358e-181,6,Txk
1.13235290770535e-176,2.02078046945983,0.67,0.131,2.26957493291383e-172,6,Fcer1g
5.97872203178223e-173,1.51938294449819,0.68,0.144,1.19831525683011e-168,6,Runx3
3.47274636427048e-172,1.52815713756427,0.898,0.284,6.96042553790732e-168,6,Il2rg
4.25728483176017e-172,1.8442577938396,0.977,0.4,8.53287598829691e-168,6,Cd52
7.90675782966233e-172,1.60985689506508,0.811,0.22,1.58475147179922e-167,6,Selplg
6.76179919905539e-163,2.65798659080679,0.701,0.188,1.35526741346667e-158,6,Cd3g
4.02328847162655e-162,1.75336718714705,0.969,0.426,8.06387708368109e-158,6,Fxyd5
1.98439465734147e-161,1.9218210705145,0.985,0.564,3.97732221170951e-157,6,Vps37b
5.40528529972282e-158,1.90967709630901,0.831,0.293,1.08338133262345e-153,6,D16Ertd472e
4.74809990308863e-156,2.09730023714496,0.941,0.555,9.51661663576055e-152,6,Ifngr1
3.32711697570322e-151,1.56170426497248,0.957,0.386,6.66854055440196e-147,6,Laptm5
2.16444535418883e-146,1.77913178292252,0.749,0.199,4.33819782340067e-142,6,S100a4
3.29749529537823e-142,1.91321458958463,0.601,0.146,6.60916982052659e-138,6,Serpinb9
4.565648942175e-141,1.5260200077186,0.279,0.022,9.15093017480135e-137,6,Trdc
5.03809232843345e-138,1.77535283464471,0.89,0.414,1.00978484538792e-133,6,Dennd4a
3.22583425984785e-135,1.56544418070173,0.811,0.243,6.46553960701304e-131,6,Trbc2
2.65290507287333e-127,1.83342865497729,0.632,0.157,5.31721763756001e-123,6,Tyrobp
4.34581125039349e-123,1.71065281862272,0.829,0.342,8.71030948916367e-119,6,Rgs2
2.05705238397954e-117,2.62066822013373,0.593,0.164,4.1229500932102e-113,6,Ccl5
2.5059164785902e-117,1.70106656906328,0.818,0.405,5.02260839803834e-113,6,Crem
4.69505349461662e-117,1.52295892244639,0.78,0.356,9.41029571926009e-113,6,Vgll4
4.59175144496039e-104,1.53849678453776,0.591,0.155,9.20324742113412e-100,6,Trbc1
1.78102773705853e-103,1.71770129014406,0.629,0.213,3.56971389338641e-99,6,Cd3e
1.41145703164082e-92,1.99241948709998,0.509,0.136,2.8289833285177e-88,6,Icos
4.38605856695662e-85,1.52240282033817,0.775,0.428,8.79097718575116e-81,6,AW112010
1.00444602420438e-74,1.7011696744257,0.527,0.177,2.01321116631284e-70,6,Bcl2a1b
5.72334014030612e-63,1.90715589305526,0.668,0.374,1.14712906432156e-58,6,Emb
1.01074593325887e-60,1.59856510761294,0.744,0.481,2.02583807403076e-56,6,Rora
9.4417439951482e-60,1.8827156830359,0.468,0.176,1.89240874894755e-55,6,Il7r
3.32854331460669e-43,1.75896358513558,0.432,0.179,6.6713993654662e-39,6,Ramp3
1.24595528550466e-15,1.62303274894978,0.481,0.395,2.49726817873698e-11,6,Lmo4
0,3.66143442340616,0.827,0.03,0,7,Tnfrsf4
0,3.52005291096573,0.761,0.05,0,7,Ctla4
4.30397490275428e-222,2.03058299901054,0.553,0.037,8.6264568975904e-218,7,Trat1
8.05242065743001e-222,2.85026120955967,0.924,0.134,1.6139466723687e-217,7,Icos
9.67916910994782e-214,2.55841827510423,0.904,0.135,1.93999586470684e-209,7,Cd28
6.35848174072395e-198,2.32873673665735,0.482,0.031,1.2744304952933e-193,7,Tnfsf8
1.92382586285757e-180,2.51494404496546,0.949,0.194,3.85592417692542e-176,7,Cd2
6.18969526362847e-179,1.7942305368332,0.64,0.069,1.24060062168905e-174,7,Cd5
4.20809140687512e-174,2.1615423809031,0.919,0.16,8.4342776067998e-170,7,Trac
1.01297661448204e-160,1.42628589759302,0.396,0.025,2.03030902840636e-156,7,Izumo1r
1.3859039802283e-150,1.82273439715835,0.954,0.197,2.77776734757158e-146,7,Cd3g
7.55459174212146e-147,1.51120955768963,0.558,0.064,1.5141668228734e-142,7,Cd6
1.27244549176703e-145,1.80033275262631,0.954,0.194,2.55036249914866e-141,7,Cd3d
1.12420127437978e-142,1.54835023468732,0.492,0.05,2.2532366142394e-138,7,Sh2d1a
1.32018780703808e-129,1.66451771004213,0.802,0.161,2.64605242164643e-125,7,Lat
1.59907373098795e-127,1.92437814004696,0.939,0.25,3.20502347901916e-123,7,Fyb
9.05854965470489e-125,2.26356155217957,0.944,0.259,1.8156051072925e-120,7,Trbc2
8.96408739579027e-108,1.9117270710584,0.701,0.154,1.79667203673824e-103,7,Tnfrsf18
1.3593202844132e-107,1.49518460825539,0.751,0.161,2.72448564604938e-103,7,Lck
6.8223490252572e-104,1.50748038242111,0.868,0.219,1.3674034151323e-99,7,Cd3e
2.22934739846416e-97,2.07717527166192,0.863,0.269,4.46828099074171e-93,7,Ifi27l2a
5.61745383254516e-97,1.70422301335751,0.822,0.204,1.12590627165703e-92,7,Ms4a4b
2.06679935140418e-95,1.4985853955188,0.594,0.109,4.1424859400194e-91,7,Bcl11b
2.79171037625742e-95,1.47106270097773,0.766,0.18,5.59542510713275e-91,7,Bcl2a1b
5.81088618159196e-95,1.78000535976516,0.797,0.215,1.16467591737648e-90,7,Samsn1
6.77524606184306e-88,1.5963529081955,0.716,0.173,1.35796256817521e-83,7,Ms4a6b
3.20909270229928e-87,1.75732069843065,0.99,0.433,6.43198450321845e-83,7,Ptprc
3.80441178258886e-83,1.51074580134287,0.812,0.247,7.62518253584284e-79,7,Traf1
1.25767523083114e-82,1.53842271210261,0.761,0.21,2.52075846515486e-78,7,Ptpn22
1.25653280661313e-75,1.467317892725,0.909,0.35,2.51846870429469e-71,7,Rac2
8.40678291180168e-73,1.6949524358076,0.975,0.523,1.68497149901241e-68,7,Ets1
2.89333049696792e-71,1.58713979144195,0.954,0.467,5.7991023150728e-67,7,Stk17b
1.06014301877935e-68,1.44965993232129,0.944,0.414,2.12484465253946e-64,7,Cytip
5.34148010290734e-67,1.56905603780303,0.599,0.174,1.07059285702572e-62,7,Batf
3.06402390737413e-64,1.4347095833822,0.797,0.314,6.14122311754997e-60,7,D16Ertd472e
9.76637250730308e-64,1.59197637965807,0.99,0.521,1.95747404163876e-59,7,Srgn
1.01144666463838e-63,1.48509097236529,0.812,0.349,2.02724254993471e-59,7,Itpkb
4.77720777384068e-57,1.48727389947898,0.858,0.377,9.57495754110887e-53,7,Emb
5.95704146488923e-56,1.97751231823913,0.584,0.171,1.19396982080775e-51,7,Trbc1
7.26098249111235e-54,1.89772899837031,0.508,0.143,1.45531872069365e-49,7,Hopx
4.57175203414532e-53,1.84314220906704,0.584,0.183,9.16316260203747e-49,7,Ramp3
8.88059965421091e-52,1.43513807101534,0.706,0.292,1.77993858869349e-47,7,Stk4
1.68958337425255e-50,2.52050071801024,0.513,0.164,3.38643195701438e-46,7,Ikzf2
5.07085406832918e-45,1.62345697969562,0.949,0.851,1.01635128091522e-40,7,H2afz
3.59203424554856e-44,1.51433180257041,0.609,0.219,7.19951423835298e-40,7,S1pr1
1.59110251413478e-41,1.54500536984309,0.792,0.489,3.18904676908034e-37,7,Rora
1.65894802928013e-39,1.55038638008339,0.822,0.599,3.32502953508616e-35,7,Hif1a
2.68010785400064e-36,1.42019270603857,0.685,0.336,5.37174017177349e-32,7,Malt1
1.03504713528389e-31,1.62906792863134,0.756,0.511,2.07454497324951e-27,7,Odc1
5.3204994136735e-29,1.46406531919841,0.543,0.226,1.06638769748258e-24,7,S100a4
0,5.5897928133669,0.99,0.049,0,8,Acta2
0,5.37531286516147,0.99,0.078,0,8,Krt14
0,5.26121620154119,0.948,0.046,0,8,Krt17
0,4.50119794518063,0.979,0.045,0,8,Tagln
0,4.31412743556603,0.995,0.087,0,8,Tpm2
0,3.88693318241711,0.859,0.012,0,8,Ecrg4
0,3.1960807404671,0.932,0.015,0,8,Myh11
0,2.96544203796107,0.942,0.064,0,8,Mylk
0,2.96133560245475,0.958,0.008,0,8,Krt5
0,2.5873735346501,0.717,0.005,0,8,Il17b
0,2.35533842283746,0.806,0.044,0,8,Myl9
0,2.2740877436426,0.738,0.004,0,8,Cnn1
2.20639119412443e-265,4.02050339413304,0.853,0.09,4.42226987038359e-261,8,Chil1
3.2247970419396e-246,2.2578528722555,0.55,0.031,6.46346071115954e-242,8,Nrg1
2.30860271344929e-244,3.42740584930566,0.869,0.104,4.6271324185664e-240,8,Fst
7.50194142935436e-221,2.53505396924638,0.827,0.11,1.50361412068549e-216,8,Mia
8.34652945727107e-204,2.05351901622395,0.806,0.105,1.67289489912084e-199,8,Pdlim3
4.6027413535381e-188,3.70948494299329,1,0.231,9.22527449489641e-184,8,Cxcl14
2.21256354521927e-166,1.85003881645643,0.581,0.058,4.43464111368299e-162,8,Has2
4.24969406615007e-163,2.66050266497135,0.874,0.167,8.51766181678459e-159,8,Lgals7
1.75189559808167e-152,2.91998567238702,0.99,0.237,3.5113243472351e-148,8,Lcn2
9.09537712059279e-141,2.31320382468392,0.969,0.287,1.82298643628041e-136,8,Palld
4.3147395652838e-135,2.07639592563078,0.513,0.056,8.64803251069832e-131,8,Igfbp3
6.11256122724834e-135,2.00114250262027,0.791,0.169,1.22514064677738e-130,8,Dsp
1.44216980189121e-132,2.2498272385237,0.995,0.289,2.89054093393056e-128,8,Fxyd3
8.9652313031732e-131,1.85276152181743,0.78,0.17,1.79690131009501e-126,8,Serpinb5
1.27182408890587e-129,2.80396806738346,1,0.484,2.54911702139404e-125,8,Tpm1
2.00049413391132e-126,2.73050374805503,0.984,0.423,4.00959039259846e-122,8,Runx1
1.13849241944723e-125,3.29314976710534,1,0.488,2.28188035629808e-121,8,Apoe
1.27515244999425e-116,3.24535148206823,0.937,0.342,2.55578805552348e-112,8,Sfn
1.74951617556534e-116,1.77250121208894,0.707,0.14,3.50655527068561e-112,8,Slco2a1
4.33446309600346e-116,2.03177499694607,0.948,0.358,8.68756438331973e-112,8,Itga6
3.34630136318917e-114,2.10142927518186,0.942,0.357,6.70699182224005e-110,8,Rbpms
1.00403735687732e-109,2.11419953596536,0.969,0.305,2.01239207438922e-105,8,Thbs1
2.10554286662665e-108,2.30953822818055,0.911,0.287,4.22013956757979e-104,8,Igfbp5
5.2446191968943e-108,1.78345392634731,0.445,0.053,1.05117902563352e-103,8,C2cd4b
1.07888477355867e-104,1.99254151892152,0.979,0.397,2.16240875164364e-100,8,Csrp1
2.69005976384594e-99,2.32105050471527,0.984,0.685,5.39168678467641e-95,8,Pmepa1
3.56914202481619e-98,1.83531957173292,0.634,0.133,7.15363136033908e-94,8,Pdk4
4.86116018549867e-98,2.02599803475385,0.984,0.592,9.74322335979499e-94,8,Dstn
1.57980775589849e-96,1.90642482966401,0.995,0.391,3.16640868514735e-92,8,Cald1
2.39947383160769e-95,2.57776485224329,0.911,0.366,4.80926540069129e-91,8,Sox4
5.20097627736717e-94,4.07334392061524,0.639,0.141,1.0424316752727e-89,8,Slpi
3.0082350513439e-91,2.41383195307451,0.827,0.251,6.02940551340859e-87,8,Tm4sf1
1.4409764029966e-83,1.78170791324694,0.942,0.434,2.88814900452608e-79,8,Dst
3.16661010255539e-79,2.02458532720123,0.963,0.482,6.34683662855177e-75,8,Mt2
5.46459192233043e-68,2.00580453107162,0.979,0.666,1.09526815899269e-63,8,Mt1
7.33757632350833e-61,2.09372129187108,0.623,0.195,1.47067042252078e-56,8,Apoc1
4.15366628262908e-57,1.98157136644655,0.812,0.307,8.32519333027347e-53,8,Adamts1
1.84522860245103e-33,1.80882811288654,0.597,0.251,3.69839168789261e-29,8,Fabp5
0,4.30099213103457,0.941,0.074,0,9,Cd36
0,3.74796124599487,0.553,0.008,0,9,Cldn5
0,3.64001434571838,0.718,0.004,0,9,Gpihbp1
0,3.4535050774548,0.741,0.01,0,9,Flt1
0,3.26490077550588,0.806,0.007,0,9,Cdh5
0,3.21850306446459,0.565,0.008,0,9,Rbp7
0,3.18289294998915,0.847,0.049,0,9,Cavin2
0,3.05303153777147,0.765,0.027,0,9,Egfl7
0,2.88277008233284,0.712,0.009,0,9,Kdr
0,2.8607463905245,0.853,0.026,0,9,Adgrf5
0,2.82921647741837,0.724,0.004,0,9,Ptprb
0,2.70628216162625,0.729,0.015,0,9,Cd300lg
0,2.67943315240713,0.741,0.005,0,9,Adgrl4
0,2.60216993962124,0.729,0.002,0,9,Emcn
0,2.57163549651222,0.682,0.011,0,9,Apold1
0,2.50348528448745,0.806,0.007,0,9,Esam
0,2.19792754457914,0.365,0.004,0,9,Timp4
2.45348185649145e-291,2.4457297978894,0.724,0.044,4.91751368496582e-287,9,Cd93
3.34469316740039e-242,3.49242180040185,0.929,0.117,6.70376851542059e-238,9,Gng11
2.75022735454483e-230,2.37278173817385,0.765,0.073,5.5122806867142e-226,9,Eng
8.72494610223829e-228,3.35521970903367,0.859,0.104,1.74874094727162e-223,9,Cav1
6.9593303916804e-212,3.25348282710747,0.829,0.104,1.3948585904045e-207,9,Pecam1
7.22899963000972e-207,7.16489009371763,0.965,0.171,1.44890839584285e-202,9,Fabp4
2.20318516564986e-177,4.12587379346011,0.388,0.019,4.41584402751202e-173,9,Rgs5
1.50645198188319e-166,3.77948779004596,0.794,0.119,3.01938170728848e-162,9,Ly6c1
5.15300217841828e-157,2.44696322829586,0.859,0.163,1.03281622662038e-152,9,Epas1
2.76811208291754e-147,2.96155737574701,0.741,0.12,5.54812704779162e-143,9,Mgll
3.10440137441593e-145,3.07877001424923,0.482,0.041,6.22215167474186e-141,9,Aqp1
8.22220298796153e-143,2.41396406558353,0.759,0.129,1.64797614487713e-138,9,Ramp2
9.76520569222536e-139,3.42234135775089,0.529,0.056,1.95724017689273e-134,9,Plvap
1.05213445384087e-133,3.53706051931956,0.947,0.25,2.10879308583326e-129,9,Tm4sf1
7.39833378695477e-126,3.27110461944293,0.759,0.139,1.48284804091934e-121,9,Ctla2a
1.42047896967152e-125,2.48267431610791,0.876,0.198,2.84706599891264e-121,9,Timp3
7.27975051720948e-118,2.57204769262229,0.606,0.087,1.4590803961643e-113,9,Iigp1
5.08275591826896e-112,2.24061377144966,0.788,0.186,1.01873676869865e-107,9,Nrp1
2.0043291910647e-111,2.26842399469767,0.835,0.194,4.01727699765098e-107,9,Slfn5
2.06692071634193e-98,2.07462692035683,0.612,0.119,4.14272919176413e-94,9,Scarb1
1.13007585352014e-96,2.24209450399273,0.9,0.308,2.26501103321042e-92,9,Cavin1
1.22021280781478e-95,2.83914411658132,0.676,0.143,2.44567253070316e-91,9,Akap12
2.63562228763032e-95,2.12289468496695,0.771,0.207,5.28257775109745e-91,9,Tinagl1
3.76461382424781e-91,2.68139211838859,0.971,0.366,7.54541548793988e-87,9,Igfbp7
1.60202830197093e-87,2.85389643646647,0.876,0.317,3.21094532564033e-83,9,Hspb1
1.51887687604359e-77,2.15858934074973,0.635,0.162,3.04428492265416e-73,9,Slc9a3r2
1.27147454483291e-75,2.1141687732568,0.747,0.234,2.54841643020861e-71,9,Cd200
3.36950138738699e-65,3.1513941658892,0.453,0.083,6.75349163073974e-61,9,Gm13889
8.44799815036532e-63,2.72032497318817,0.771,0.279,1.69323226927772e-58,9,Cxcl12
2.56590974317004e-56,2.14261137802074,0.947,0.65,5.1428528982357e-52,9,Jun
1.23840233007129e-52,2.57540282333668,0.706,0.249,2.48212979016188e-48,9,Fabp5
5.49629984481061e-43,2.33270981738708,0.865,0.594,1.10162337789539e-38,9,Fos
6.71041441847546e-22,2.11844574853757,0.441,0.194,1.34496836189504e-17,9,Hbegf
0,4.06385889888334,0.548,0.005,0,10,Il5
0,3.77610802665176,0.71,0.012,0,10,Csf2
0,2.6403432868861,0.877,0.042,0,10,Il1rl1
0,2.19983657392914,0.69,0.009,0,10,Ccdc184
0,1.78765117511367,0.555,0.008,0,10,Stab2
0,1.65942839025573,0.452,0.006,0,10,Pcsk1
5.66814114420494e-274,2.54797534795713,0.265,0.001,1.136065529533e-269,10,Ccl1
1.75410743149293e-240,1.75337527883648,0.529,0.023,3.51575752494127e-236,10,Nrgn
1.32292641119701e-200,2.30250623979392,0.845,0.094,2.65154140596216e-196,10,Ccr2
2.08436818296579e-185,2.07923900578296,0.658,0.057,4.17769914911833e-181,10,Il2ra
4.744030946552e-177,2.7925970505136,0.923,0.136,9.50846122617417e-173,10,Ctla2a
3.71928278329055e-146,2.93413349154979,0.994,0.216,7.45455848254924e-142,10,S100a4
2.3244710501509e-132,2.04981564212125,0.697,0.089,4.65893732581745e-128,10,Cxcr6
5.30737475701856e-122,2.62967233004181,0.819,0.16,1.06375712254923e-117,10,Cd69
6.68091103481507e-116,2.7276835605712,0.897,0.249,1.33905499870798e-111,10,Gata3
1.41731664716995e-100,2.07126434168879,0.916,0.269,2.84072775592272e-96,10,Tmem64
3.70073333960176e-91,1.57431761649829,0.684,0.135,7.41737983256381e-87,10,Inpp4b
3.64684016568145e-90,1.43900653044334,0.819,0.178,7.30936174407532e-86,10,Il7r
3.46707899451194e-81,2.01442386048458,0.794,0.249,6.94906642870028e-77,10,Ramp1
4.83137767618594e-73,2.99819368706626,0.897,0.478,9.68353027637948e-69,10,Furin
1.27495374483912e-72,1.47460368199917,0.594,0.121,2.55538979078104e-68,10,Tespa1
1.65300775996218e-71,1.68185515835654,0.955,0.378,3.3131234532922e-67,10,Emb
1.32094536350832e-70,2.52018495512994,0.884,0.362,2.64757079207973e-66,10,Rgs2
3.25849646975105e-70,1.90372552266391,0.961,0.45,6.53100447432202e-66,10,Fxyd5
9.53153472444831e-70,1.40743091387388,0.574,0.116,1.91040550482117e-65,10,Nfkbid
1.78824524892738e-66,1.67448528900596,0.729,0.248,3.58417995242514e-62,10,Ahcyl2
1.03896305117931e-64,1.97775324120904,0.981,0.705,2.08239364347869e-60,10,Pim1
1.03625983336883e-63,3.13610375996007,0.929,0.635,2.07697558402114e-59,10,Gadd45b
1.97198590322776e-63,1.65868008931036,0.923,0.414,3.9524513458394e-59,10,Tnfaip3
1.20327013409478e-59,1.41061211758854,0.574,0.144,2.41171432976617e-55,10,Ptpn13
3.91048112147701e-59,1.79070710627232,0.697,0.193,7.83777731177637e-55,10,Rgs1
1.37397165726354e-56,1.41524769384841,0.574,0.156,2.75385139265331e-52,10,Mdfic
8.18556552712121e-56,2.45396545746505,0.865,0.489,1.6406328986009e-51,10,Rora
4.219413776427e-54,1.58415425763405,0.671,0.218,8.45697103209263e-50,10,Pxdc1
4.83894807117862e-53,1.49485355097872,0.677,0.201,9.69870361906331e-49,10,Ltb
2.14714925850045e-52,1.94870766971684,0.787,0.39,4.30353125881245e-48,10,Lmo4
4.74855489972534e-51,1.78658906327189,0.813,0.436,9.51752858551949e-47,10,Uhrf2
8.95160426591744e-51,1.57602176856497,0.89,0.505,1.79417004301783e-46,10,Fam107b
5.36742362828605e-49,1.4680191651687,0.961,0.733,1.07579271781737e-44,10,Sh3bgrl3
1.56112046312181e-45,1.57794424041501,0.89,0.639,3.12895374423504e-41,10,Nrip1
3.9602382502507e-45,1.65033885800882,0.865,0.523,7.93750552497747e-41,10,Bhlhe40
1.73962127779399e-44,1.88632646795606,0.8,0.4,3.48672292708249e-40,10,Id2
3.08526386784191e-40,1.59076881585937,0.465,0.134,6.18379437031554e-36,10,Hlf
9.29682716690248e-40,2.01595534631956,0.555,0.188,1.86336306906226e-35,10,Gm20186
7.20678470334118e-39,1.4039799261933,0.787,0.412,1.44445585809067e-34,10,Tmem176a
9.88796734573551e-36,1.49331793358159,0.903,0.73,1.98184529510577e-31,10,Prdx6
1.21631700135853e-30,1.72884609029292,0.755,0.474,2.4378641658229e-26,10,Nr4a1
2.29291397162536e-25,1.40973131363312,0.935,0.842,4.59568747332871e-21,10,Nfkbia
1.97873537575873e-23,1.56540988923616,0.652,0.35,3.96597931363323e-19,10,Areg
2.02083143817573e-16,1.70047301497091,0.626,0.41,4.05035245153562e-12,10,Hilpda
0,3.27288390004144,0.987,0.039,0,11,Fndc1
0,3.17771897227761,0.921,0.008,0,11,Smpd3
0,2.56710729067325,0.671,0.002,0,11,Mrgprg
0,2.18909170810074,0.724,0.013,0,11,Il33
2.30202054311215e-289,2.18310485686932,0.803,0.026,4.61393977455968e-285,11,Tmem100
1.27110713411737e-243,2.2399910284334,0.816,0.034,2.54768002891144e-239,11,Pcsk6
1.16979503672872e-173,2.17624012900153,0.855,0.058,2.34462019211537e-169,11,Thbd
6.38941961034023e-169,3.19204568595824,0.974,0.089,1.28063137250049e-164,11,Sema3c
2.70273145466693e-156,3.02440487558291,0.974,0.094,5.41708465458893e-152,11,Pcolce2
1.01573310446385e-143,2.54844185168675,0.974,0.104,2.0358338612769e-139,11,Dpp4
7.81331270735156e-143,2.33521182371704,0.829,0.069,1.56602226593447e-138,11,Daglb
8.90073849509391e-135,3.23576039656018,0.961,0.111,1.78397501657167e-130,11,Ackr3
6.80960769716117e-133,2.22885767372056,0.961,0.1,1.36484967074201e-128,11,Aspn
1.10357916963865e-130,2.75797157558001,0.974,0.118,2.21190372970675e-126,11,Cd248
1.97329975201028e-124,3.19879691464448,1,0.128,3.95508469295421e-120,11,Ly6c1
1.03352820527558e-120,3.64144347796952,1,0.148,2.07150058183384e-116,11,Anxa3
7.17243673379605e-107,3.33379271318759,1,0.166,1.43757149455474e-102,11,Col14a1
4.99227862953199e-105,4.75301099977389,1,0.175,1.0006024057171e-100,11,Pi16
8.63321677802555e-100,2.13544092994215,0.947,0.15,1.73035563881966e-95,11,Qpct
4.02779630994761e-91,2.73100373988492,0.961,0.158,8.07291214402799e-87,11,Ogn
2.22849316445896e-89,4.39838541826541,1,0.222,4.46656884952509e-85,11,C3
9.03412076216475e-83,3.01123721004941,1,0.215,1.81070882436068e-78,11,Clec3b
1.95340006433525e-81,3.10518801016406,1,0.226,3.91519974894713e-77,11,Dpt
5.93686912230477e-81,2.67016659198777,1,0.234,1.18992667818354e-76,11,Cd34
1.2929279889968e-80,3.68966972583397,0.908,0.159,2.5914155683463e-76,11,Ptx3
1.73671797466192e-78,2.54827824970799,0.947,0.197,3.48090383661489e-74,11,Prss23
2.85100740570511e-76,2.20663691561798,1,0.208,5.71427414325476e-72,11,Timp3
8.70687693009561e-76,3.42772029133372,1,0.272,1.74511934309906e-71,11,Fbn1
5.31503887704107e-75,3.90294836181258,1,0.284,1.06529324212534e-70,11,Ly6a
1.16521934475094e-74,2.60574779061928,0.987,0.229,2.33544913268431e-70,11,Efemp1
8.3166252997419e-74,2.36384451534672,0.987,0.237,1.66690120882727e-69,11,Axl
1.16419612074441e-71,2.38171989254992,0.921,0.204,2.33339828480803e-67,11,Gas7
2.67506794286647e-69,2.39128073519711,1,0.247,5.36163867788727e-65,11,Tnxb
8.93489157560356e-67,2.84303205945903,1,0.307,1.79082031849822e-62,11,Fstl1
2.24199247773659e-66,3.5580436257685,1,0.323,4.49362552312745e-62,11,Fn1
1.01251985039516e-64,2.74514260149912,1,0.281,2.02939353614703e-60,11,Igfbp6
2.40208958598157e-63,2.40964458431156,0.974,0.232,4.81450815718286e-59,11,Eln
7.54545257104256e-60,2.24963100730684,1,0.281,1.51233505881406e-55,11,Serping1
7.34025777858812e-55,2.46778372583057,0.987,0.277,1.47120786656242e-50,11,Mfap5
1.47904670685986e-54,2.4570301686058,1,0.343,2.96445331455922e-50,11,Plpp3
2.12134882972746e-54,2.23341430005542,1,0.313,4.25181945942275e-50,11,Nid1
7.18495226891821e-53,2.28806568885834,0.921,0.298,1.44007998325928e-48,11,Cd55
1.0427178587636e-51,3.00144841739689,1,0.588,2.08991940431989e-47,11,Timp2
2.03787463365685e-51,2.17552646814555,0.987,0.352,4.08451212823843e-47,11,Ecm1
3.16728617153293e-50,3.74879624239414,0.908,0.3,6.34819167360346e-46,11,Igfbp5
2.40742729216869e-47,2.5603518465704,1,0.575,4.8252065216937e-43,11,Marcks
6.54354705763344e-44,2.45842450166772,0.947,0.362,1.31152313676147e-39,11,Ugdh
2.66089130234839e-41,2.40751014945783,1,0.67,5.33322443729688e-37,11,Gsn
5.91252807718446e-40,2.46417624061659,0.961,0.483,1.18504800251008e-35,11,Uap1
3.18863531913205e-38,2.81118050367588,0.789,0.249,6.39098177013637e-34,11,Has1
0,4.82670142970687,0.947,0.025,0,12,Gzma
0,2.72865088370082,0.76,0.007,0,12,Klra4
0,2.68089433748089,0.827,0.011,0,12,Eomes
0,2.21687006005529,0.72,0.014,0,12,Klre1
9.17361027187032e-271,3.60499267469616,0.933,0.042,1.83866670679097e-266,12,Prf1
2.06556890345726e-228,2.10844812512346,0.307,0.003,4.14001975319938e-224,12,Serpinb9b
7.82749011055676e-208,2.05432264384032,0.707,0.029,1.56886384285889e-203,12,Klra1
7.47122965040837e-189,2.19073170795989,0.747,0.038,1.49745855883135e-184,12,Il18rap
8.25999948586242e-182,1.67932703488567,0.453,0.012,1.6555516969514e-177,12,Klra9
3.56638583717356e-175,1.90841917827561,0.533,0.019,7.14810713344697e-171,12,Klra8
2.35872628036445e-162,2.13539208972822,0.453,0.014,4.72759508373447e-158,12,Klra7
8.9410472553475e-162,1.6495327318261,0.547,0.022,1.7920541013893e-157,12,Ncr1
1.38472212427843e-159,2.30060012177068,0.773,0.048,2.77539855369125e-155,12,Klrk1
4.16392219382774e-138,3.52156675705484,1,0.114,8.34574925308894e-134,12,Nkg7
3.04850442250078e-136,2.23117928772459,0.733,0.05,6.11011741401832e-132,12,Gzmb
5.26488838877632e-117,3.83101046632378,0.987,0.141,1.05524157976244e-112,12,Irf8
2.10386443514713e-99,2.56616930226055,0.787,0.089,4.2167754873654e-95,12,Serpinb6b
2.54364291789093e-98,1.98037874218289,0.693,0.067,5.09822350032879e-94,12,Klrd1
6.93051746396278e-98,2.77797475398713,1,0.162,1.38908361530206e-93,12,Il2rb
1.98320403052347e-96,4.39123368781446,1,0.183,3.97493583837819e-92,12,Ccl5
1.85114986708356e-91,2.89890746017617,0.96,0.167,3.71025967859558e-87,12,Serpinb9
1.03472837940936e-87,2.89777688568141,1,0.179,2.07390609085019e-83,12,Tyrobp
4.9233374511425e-84,1.81562267708223,0.8,0.101,9.86784525332491e-80,12,Ctsw
4.06649143742061e-83,2.43363601855574,0.96,0.158,8.15046878802212e-79,12,Fcer1g
8.42896480635701e-73,1.77506588318134,0.667,0.087,1.68941741613814e-68,12,Pde2a
3.0808964956187e-68,1.58959792233374,0.413,0.032,6.17504084616857e-64,12,Klrb1b
6.92784859720365e-68,2.12424184972044,0.733,0.111,1.38854869433753e-63,12,Ccr5
1.1254848266914e-67,2.41342030785416,0.613,0.072,2.25580923813757e-63,12,Xcl1
7.19948704109887e-66,2.15315146189294,0.8,0.145,1.44299318764745e-61,12,Sh2d2a
9.13519792939512e-63,2.22136834307541,0.827,0.149,1.83096772098866e-58,12,Ctla2a
7.75383854290232e-53,1.98092589014816,0.907,0.222,1.55410185915391e-48,12,Txk
2.86423258668917e-52,2.76718963363662,0.973,0.435,5.7407813735011e-48,12,Ugcg
1.27217942131383e-51,3.57550420480055,0.987,0.445,2.54982921413931e-47,12,AW112010
6.22119051661169e-49,1.88788002198448,0.867,0.22,1.24691321524448e-44,12,Ptpn22
6.40410832701901e-49,2.11915212356904,0.88,0.217,1.28357543198442e-44,12,Ms4a4b
3.54501360629028e-48,2.20689127285517,0.907,0.284,7.1052707710876e-44,12,Nr4a2
4.3815755041196e-48,1.83310736649494,0.693,0.142,8.78199178290691e-44,12,Gimap5
1.66628979899759e-47,1.61167045263402,0.707,0.15,3.33974464413086e-43,12,Itgb2
1.97923727758046e-45,2.06574010532361,1,0.445,3.96698527545452e-41,12,Ptprc
4.7923929924178e-45,1.6441407634494,0.68,0.139,9.60539327470299e-41,12,Itga4
7.9231775151523e-44,2.52001829602547,1,0.576,1.58804246936198e-39,12,Ifngr1
2.23004292345061e-42,1.68087004448855,0.627,0.128,4.46967503147206e-38,12,Gm45716
1.83697003581046e-41,1.73759840434632,0.853,0.253,3.6818390427749e-37,12,Selplg
1.13416390264371e-34,1.78422390042011,0.947,0.441,2.27320471006878e-30,12,Dennd4a
1.95565522687285e-34,1.64470688530365,0.387,0.054,3.91971977122125e-30,12,Ccl3
2.95802339044346e-32,1.63665895130398,0.72,0.224,5.92876628146583e-28,12,Adgre5
4.29285920289238e-31,1.65765191157996,0.987,0.433,8.60417770035719e-27,12,Cd52
1.16684334712497e-30,1.9527596930203,0.867,0.484,2.33870412064258e-26,12,Pik3r1
3.03365096956748e-27,1.66280871305357,0.907,0.458,6.08034663830411e-23,12,Fxyd5
2.23092386592728e-22,1.65566226947197,0.8,0.406,4.47144070447805e-18,12,Id2
0,2.95384674578823,0.864,0.021,0,13,Hist1h1b
0,2.19845630515169,0.932,0.025,0,13,Birc5
0,2.08792797282852,0.814,0.017,0,13,Hist1h2ap
0,1.67205908878209,0.847,0.019,0,13,Cdca8
0,1.59377074150916,0.949,0.014,0,13,Nusap1
0,1.42341226180705,0.864,0.012,0,13,Cdk1
0,1.36112003516386,0.746,0.014,0,13,Rrm2
2.26818405917346e-306,1.57940151427035,0.864,0.022,4.54612130980136e-302,13,Cdca3
3.13665166329804e-302,1.49294606503422,0.898,0.025,6.28679092874827e-298,13,Spc24
1.56062464568193e-283,2.99344753771992,0.983,0.035,3.12795997734029e-279,13,Pclaf
5.23127519383942e-273,2.22824107724518,0.831,0.024,1.04850448710124e-268,13,Hist1h2ae
1.44054314330067e-269,2.25735822038902,0.932,0.032,2.88728062211753e-265,13,Ube2c
4.205117098787e-255,1.37540950464218,0.746,0.02,8.42831620109879e-251,13,Ccnb2
1.10940531078114e-234,2.76667658380404,0.966,0.043,2.22358106439864e-230,13,Top2a
2.32477065029395e-220,1.449704726736,0.763,0.026,4.65953781438416e-216,13,Prc1
2.43797112506102e-188,2.64589369344955,0.966,0.056,4.88642552595979e-184,13,Mki67
1.22697340059847e-175,1.5722873917215,0.746,0.032,2.45922278681951e-171,13,Cenpf
7.30104309464537e-161,1.73167260297387,0.983,0.068,1.46334806745977e-156,13,Smc2
4.57979555574094e-115,1.30576308858007,0.797,0.062,9.17928423237156e-111,13,Tyms
2.34729120651455e-88,3.44127171600365,1,0.164,4.70467576521712e-84,13,Stmn1
1.84943279021272e-84,1.32055473259979,0.78,0.082,3.70681814142334e-80,13,Lig1
5.2588480258107e-65,1.85514214777361,0.915,0.162,1.05403090981324e-60,13,H2afx
3.25918167159432e-57,1.68929228509378,0.864,0.159,6.53237782437649e-53,13,Dut
7.92707412764896e-54,1.58687486743801,1,0.251,1.58882346740468e-49,13,Tmpo
2.94675670756427e-49,1.56906240496968,0.915,0.202,5.90618446897106e-45,13,Cks2
1.21970538285197e-48,1.56269640624576,0.932,0.204,2.4446554988502e-44,13,Lmnb1
2.56513715994018e-47,1.45491164640789,0.915,0.221,5.1413044096681e-43,13,Cks1b
6.14990944392158e-44,1.74705325282204,1,0.348,1.2326263498452e-39,13,Hmgn2
9.78422178081404e-44,2.90057201413708,1,0.512,1.96105157152856e-39,13,Tubb5
4.90824292292378e-43,1.81222381417824,0.797,0.184,9.83759129041614e-39,13,Hist1h1e
5.34266519207202e-43,1.51807866117728,0.983,0.265,1.070830384447e-38,13,Smc4
2.15258950934178e-42,2.3740659770369,0.983,0.393,4.31443515357373e-38,13,Tuba1b
6.66386772375891e-39,2.91663167981445,1,0.652,1.335639007873e-34,13,Hmgb2
2.80405945104495e-38,1.40749212686489,0.932,0.276,5.62017635772939e-34,13,Selenoh
1.03967536007883e-34,1.87501034898541,0.966,0.548,2.083821324206e-30,13,H2afv
6.48127898586719e-34,2.10941961597545,1,0.853,1.29904274713736e-29,13,H2afz
1.068951073914e-32,1.67414591219038,1,0.688,2.14249863744584e-28,13,Ran
4.03508186899548e-32,1.52252779966895,1,0.996,8.08751459002765e-28,13,Ptma
3.17026323144539e-31,1.69255074537037,1,0.877,6.35415859478599e-27,13,Hmgb1
1.63533878036404e-30,1.49033324678028,1,0.658,3.27770951748364e-26,13,Anp32b
1.76260307473656e-30,1.32898807859584,1,0.42,3.53278534269449e-26,13,Anp32e
2.54281195337805e-30,1.46901220438285,1,0.666,5.09655799815563e-26,13,Nucks1
1.20479249108298e-28,1.32342145370411,1,0.98,2.41476558987761e-24,13,Ppia
6.68806023518326e-28,1.3084520207642,0.983,0.649,1.34048791293778e-23,13,Snrpe
1.20778197820022e-26,1.58814491136615,1,0.582,2.4207574189067e-22,13,Dek
1.09363448434763e-22,1.48553014335864,0.949,0.517,2.19197159697796e-18,13,Tubb4b
5.60153979649776e-22,1.33753314842805,0.915,0.547,1.12271662141205e-17,13,Ranbp1
3.12226337395736e-21,1.32662495901981,0.881,0.373,6.25795248042273e-17,13,Pcna
1.62574729679286e-13,1.41780180239164,0.915,0.573,3.25848530696193e-09,13,Arl6ip1
2.37048386149496e-05,1.41329340695266,0.458,0.235,0.475116080359435,13,S100a4
0,4.87695440634737,0.851,0.012,0,14,Ccl22
0,4.37542991481756,0.872,0.006,0,14,H2-M2
0,2.62530733637886,0.511,0.003,0,14,Il12b
0,2.08820192857227,0.83,0.012,0,14,Il4i1
2.66068704324941e-201,1.95444680510706,0.745,0.022,5.33281504078479e-197,14,Eno3
6.93412374887619e-177,2.84325883832716,0.638,0.018,1.38980642298725e-172,14,Zmynd15
4.27407288938281e-95,4.55829968011962,1,0.114,8.56652429218998e-91,14,Tbc1d4
2.30475296837138e-85,2.33127507411759,0.915,0.103,4.61941637450676e-81,14,Cacnb3
2.33652494218055e-83,4.06711483531173,0.979,0.128,4.68309694161248e-79,14,Fscn1
1.91048597557364e-68,1.96306508662863,0.787,0.087,3.82918704084225e-64,14,Irak1bp1
2.43931643756199e-68,2.12509072243554,0.787,0.085,4.8891219358055e-64,14,Pmaip1
1.05326818388182e-61,2.78337855407989,0.979,0.176,2.11106542095434e-57,14,Cxcl16
5.07637100188438e-57,2.0737945886207,0.872,0.134,1.01745703990769e-52,14,Ankrd33b
5.17946895750093e-54,2.16200546080763,0.745,0.092,1.03812096315191e-49,14,Serpinb6b
2.75099634825361e-52,1.91877394526382,0.787,0.118,5.51382198080472e-48,14,Lrrk1
3.85724897007503e-52,2.28902268490941,0.702,0.092,7.73108411072139e-48,14,Net1
7.02053904499321e-52,2.67120590139923,0.957,0.173,1.40712664078799e-47,14,Cd83
2.17334488121918e-48,3.50110495580311,1,0.252,4.35603514542761e-44,14,Ccr7
1.2083585017788e-47,2.73589755868004,1,0.229,2.42191294511525e-43,14,Samsn1
9.02474260243263e-47,4.34553380855035,0.915,0.188,1.80882915980557e-42,14,Ccl5
1.44695200590692e-44,2.31707263567974,0.936,0.217,2.90012590543925e-40,14,Bmp2k
1.44777820173516e-44,1.97593813911835,0.787,0.139,2.90178184973779e-40,14,Zc3h12c
1.52185694560123e-44,2.02767339447079,0.809,0.142,3.05025787606855e-40,14,Arhgap31
4.63106904433405e-44,3.90795368710621,0.702,0.11,9.28205168555874e-40,14,Epsti1
1.34523898971758e-39,1.96681934864919,0.723,0.121,2.69626250709094e-35,14,Arl5c
3.5594174302022e-39,2.74424766718375,0.979,0.324,7.13414035535427e-35,14,Etv3
3.78745871246622e-39,3.18146420833421,1,0.381,7.59120349739605e-35,14,Basp1
1.36246136331617e-38,2.24535552908711,0.957,0.261,2.73078131049459e-34,14,Traf1
1.24547056254683e-37,2.09015662257557,0.915,0.201,2.49629664851261e-33,14,Rgs1
4.1720438686739e-36,2.01002610322475,0.872,0.196,8.3620275259831e-32,14,Bcl2a1b
1.35931616394101e-35,2.95659513761218,1,0.41,2.72447738738696e-31,14,Lsp1
1.31051201884984e-33,3.4596513555764,0.979,0.501,2.62665923938073e-29,14,Tmem123
4.5533186277467e-33,2.01763201060721,0.809,0.205,9.12621652559271e-29,14,Snhg15
2.1084747158658e-32,2.13452610995442,0.936,0.345,4.22601587300983e-28,14,Iscu
4.10983031848721e-31,2.36654245779433,0.957,0.4,8.23733290734392e-27,14,Birc2
9.01420131211946e-31,2.55259790646047,1,0.578,1.8067163689881e-26,14,Marcks
2.61592406397121e-29,2.19514712795091,0.979,0.403,5.2430966014175e-25,14,Marcksl1
1.1726143217918e-28,2.39501786221644,1,0.995,2.3502708851673e-24,14,Tmsb4x
1.21564015574802e-28,2.61281937944267,1,0.406,2.43650756416575e-24,14,Id2
2.02825766268596e-28,2.11318918833557,0.872,0.265,4.06523683332146e-24,14,Mxd1
4.17520383652083e-28,2.12984703071493,0.957,0.343,8.36836104953871e-24,14,Malt1
2.29604576792751e-27,2.05933861320028,0.723,0.173,4.6019645326571e-23,14,Serpinb9
1.33086111916146e-24,2.25345987313966,0.979,0.89,2.66744494113532e-20,14,Calm1
1.2628835529787e-23,2.05927783416691,0.915,0.418,2.53119750523521e-19,14,Tmem176a
2.22671670264704e-23,2.13342031259512,0.894,0.415,4.46300828711546e-19,14,Ifi30
1.07901937503356e-22,2.01677770643421,1,0.984,2.16267853337977e-18,14,B2m
2.10886657135081e-22,1.96207575686459,0.936,0.575,4.22680126895843e-18,14,Psme2
6.33112045779615e-21,2.15481196280646,0.936,0.537,1.26894647335608e-16,14,Rel
7.19540663357148e-18,2.1252966933222,0.723,0.259,1.44217535156673e-13,14,Fabp5
8.5255557707433e-12,1.90955569329909,0.702,0.332,1.70877714313008e-07,14,Nr4a3
0,4.56417326460232,1,0.007,0,15,Siglech
0,4.28807508516428,1,0.017,0,15,Ccr9
0,4.23958052428373,0.975,0.002,0,15,Cox6a2
0,3.3285961987204,0.925,0.001,0,15,Klk1
0,2.26048544214668,0.8,0.001,0,15,Gm21762
0,2.04199382985968,0.775,0.009,0,15,Lair1
9.62314859467574e-299,2.39514748662683,0.975,0.021,1.92876767283086e-294,15,Rnase6
6.35744017286008e-286,2.42805374663701,0.925,0.02,1.27422173384635e-281,15,Spib
4.44277361475954e-276,1.89680231336985,0.8,0.014,8.90465115606254e-272,15,Gm5547
3.58986851864171e-201,2.69054512656418,0.875,0.027,7.19517347191358e-197,15,Cd209d
2.39188581065359e-196,2.66225914034267,1,0.038,4.79405673029299e-192,15,Clec12a
7.41669426571421e-191,2.71155605046018,0.95,0.036,1.4865280316771e-186,15,Lrp8
3.09532593219616e-149,2.49325591726303,0.85,0.037,6.20396176590076e-145,15,P2ry14
4.21053776743718e-133,1.9151261653839,0.825,0.037,8.43918084727433e-129,15,Iglc3
1.15804994202163e-132,3.12357133447304,0.975,0.059,2.32107949879396e-128,15,Ncf1
2.74872038416377e-120,2.40034003564806,0.95,0.061,5.50926026597944e-116,15,Pld4
2.18280213758572e-118,3.49464671730938,1,0.071,4.37499032436306e-114,15,Mpeg1
4.59752527734994e-117,2.66350397920101,0.975,0.069,9.21481991339249e-113,15,Cadm1
9.652992462492e-109,2.30206756121137,0.95,0.07,1.93474927925727e-104,15,Tubgcp5
1.77046278617777e-105,2.29150297974025,0.925,0.063,3.5485385623361e-101,15,Csf2rb
4.97634150773336e-102,2.64822801440183,1,0.085,9.97408128394997e-98,15,Blnk
8.30389168352647e-81,2.95847091981063,1,0.104,1.66434901012921e-76,15,Cybb
7.52937866832298e-68,2.09272317186331,0.95,0.109,1.50911336649198e-63,15,Sell
4.12263007133988e-63,2.00210142382238,0.85,0.092,8.26298745198653e-59,15,Evi2a
9.22442828838129e-62,1.91754974161793,0.925,0.119,1.84885216184026e-57,15,Tex2
2.26734791598077e-60,2.01628137080112,0.925,0.116,4.54444542800025e-56,15,Gpr171
4.39771987906081e-60,2.14269163371453,0.825,0.095,8.81434995360158e-56,15,Glcci1
1.01823315112361e-55,3.96938492104221,1,0.184,2.04084470479706e-51,15,Tyrobp
9.56523980772349e-53,2.86475440947422,0.95,0.147,1.91716101466202e-48,15,Irf8
3.26416516519696e-46,2.59634034243815,1,0.205,6.54236624060427e-42,15,St8sia4
1.61834214718752e-41,2.50844848393987,0.825,0.143,3.24364316560794e-37,15,Grasp
5.51795735479053e-41,3.1001032230854,1,0.278,1.10596419262067e-36,15,Plac8
1.09346422021005e-40,2.45184625518279,1,0.21,2.19163033656701e-36,15,Mef2c
2.05177013960696e-39,1.99539901372894,0.975,0.21,4.11236289081423e-35,15,Ctss
1.91734287993487e-38,4.52845629765969,1,0.331,3.84293033425346e-34,15,Bst2
1.22498890374227e-34,2.20491340479109,0.95,0.244,2.45524525977064e-30,15,Rilpl2
3.92832509718584e-32,1.94733444521275,0.975,0.256,7.87354199228958e-28,15,Selplg
4.41714365387251e-31,2.70284118774496,1,0.474,8.85328102545667e-27,15,Grn
9.9301032473274e-30,2.33568863480771,1,0.404,1.99029059386183e-25,15,Tspan13
1.36528374817958e-29,2.44187697142075,0.95,0.303,2.73643821647633e-25,15,Kctd12
4.316612054962e-27,2.01063053277248,0.9,0.231,8.65178554176034e-23,15,Samsn1
8.53896247882175e-26,1.9175722067161,0.925,0.361,1.71146424963024e-21,15,Ifnar1
1.34635362153802e-25,1.96075761100063,1,0.427,2.69849656364865e-21,15,Cd44
1.16582369522545e-24,2.52419005876618,0.95,0.427,2.33666043234036e-20,15,Smc6
1.89501030535694e-24,2.05991154848681,0.975,0.456,3.79816915502691e-20,15,Emp3
1.54632956126314e-23,2.29025411706429,1,0.913,3.09930833963972e-19,15,Sub1
5.66725748468597e-23,2.34816951048531,1,0.997,1.13588841765561e-18,15,Fth1
7.37244890381155e-23,1.98469013078645,1,0.355,1.47765993379095e-18,15,Cd74
5.44711269783035e-22,2.11852134220607,0.95,0.583,1.09176479802614e-17,15,Rap1a
3.74106042723045e-20,2.41901212658194,0.825,0.338,7.498207414298e-16,15,Herpud1
0,4.73865264610575,1,0.004,0,16,Cma2
0,4.2237846905612,0.955,0.002,0,16,Mrgprb1
0,3.37885419087816,0.591,0.001,0,16,Tpsab1
0,3.12250972148821,0.818,0.002,0,16,Cyp11a1
0,3.02136800321642,0.909,0.009,0,16,Hs6st2
0,3.00382303218132,0.318,0,0,16,Ctsg
0,2.98349660238823,0.909,0.001,0,16,Slc6a4
0,2.5974653853326,0.773,0.003,0,16,Adora3
2.3327150021038e-252,7.23717452646143,1,0.016,4.67546067871664e-248,16,Cpa3
9.01169800719011e-244,3.04605256388858,0.818,0.01,1.80621463158111e-239,16,Slc18a2
2.85122319046202e-232,3.10299105567244,0.727,0.008,5.71470664064303e-228,16,Gata2
3.06820537101569e-217,5.52297753316453,1,0.019,6.14960402512675e-213,16,Hdc
6.14473550494441e-195,7.49502827892554,1,0.021,1.23158933725601e-190,16,Cma1
1.95401334386686e-193,7.01099690721998,1,0.022,3.91642894511235e-189,16,Tpsb2
3.78113472274485e-144,8.38741111005383,0.955,0.028,7.57852832479751e-140,16,Mcpt4
7.50096298061079e-62,2.57569430811016,0.682,0.034,1.50341801020382e-57,16,Hpgds
4.39744581700489e-56,2.90908368700329,0.909,0.073,8.8138006510229e-52,16,Lat2
3.33258060240385e-54,2.50906022240979,0.864,0.062,6.67949130139803e-50,16,Il1rl1
2.07501617068282e-47,4.97860858847801,0.955,0.102,4.15895491089958e-43,16,Serpinb1a
2.3202806040265e-42,3.35950995371297,1,0.129,4.65053841465032e-38,16,Kit
1.05199697283159e-40,2.95797357291736,0.909,0.106,2.10851753264635e-36,16,Rab27b
3.80195558252883e-38,2.37483498335999,0.864,0.091,7.62025957406254e-34,16,Lilr4b
2.25511132509651e-36,2.5451019101059,0.727,0.067,4.51991962889094e-32,16,Csf2rb
1.06857661456058e-35,2.64076254515077,0.818,0.087,2.14174810856376e-31,16,Lilrb4a
6.24691276654089e-33,2.57522375817073,0.909,0.131,1.25206872579779e-28,16,Tespa1
1.10156582919013e-31,3.9305271712401,0.909,0.14,2.20786839144577e-27,16,Sla
2.80769512240614e-30,2.83953435266221,1,0.165,5.62746333383863e-26,16,Fcer1g
1.79392636975649e-25,3.99594503087062,0.955,0.208,3.59556662290294e-21,16,Plek
9.16957072629108e-24,3.63212450762429,0.955,0.204,1.83785706067052e-19,16,Rgs1
8.56315756493018e-22,2.73773966540878,0.818,0.143,1.71631367073895e-17,16,Ccl7
4.78955443169548e-21,2.79741597936845,0.909,0.248,9.59970394744724e-17,16,Vwa5a
2.14106924252653e-20,2.76167152826677,0.955,0.299,4.29134508279591e-16,16,Osbpl8
1.37833982630232e-19,2.46203611578604,0.955,0.226,2.76260651385774e-15,16,Ccl2
2.40113707758865e-18,2.64845646342582,0.818,0.198,4.81259904461093e-14,16,Pakap.1
1.94896273603844e-17,2.54041063238157,0.864,0.255,3.90630601184184e-13,16,Cmtm7
3.33338594179185e-17,2.93563942658013,1,0.383,6.68110544313341e-13,16,Basp1
5.93030800522628e-17,2.61517770742199,0.864,0.233,1.1886116334875e-12,16,Samsn1
5.79037617523405e-16,2.76686552337923,1,0.536,1.16056509680216e-11,16,Srgn
6.96863033459559e-14,3.27782683427172,0.955,0.715,1.39672257796299e-09,16,Sqstm1
1.84914348224385e-13,2.64279145552592,0.864,0.353,3.70623828146136e-09,16,Fnip1
1.2591473467912e-11,2.50865581485988,0.818,0.372,2.5237090271736e-07,16,Gch1
1.30861809604807e-11,2.66718982855459,0.864,0.481,2.62286324990915e-07,16,Ago2
2.21206217631905e-11,2.67875919024884,0.955,0.57,4.43363621999626e-07,16,Nfkbiz
1.55830198891803e-10,2.56907604543371,0.955,0.711,3.12330467638841e-06,16,Fosb
6.64839171315472e-10,2.56071797537381,0.864,0.488,1.3325371510676e-05,16,Furin
1.78085675604095e-09,2.6380001882349,0.818,0.451,3.56937119613287e-05,16,Dnajb1
3.52300357315622e-09,2.88460845244535,0.727,0.345,7.06115606167702e-05,16,Ube2v2
6.8983137442955e-08,3.03609920540744,0.864,0.809,0.00138262902376915,16,Klf6
1.14059743227516e-05,2.83610426017883,0.818,0.658,0.22860994335091,16,Jun
2.16247608554527e-05,3.16891022188715,0.273,0.058,0.433425081825838,16,Gzmb
